table,field,definition,definition source,domain,dom value
ANY_TABLE,OBJECTID,Internal feature number.,Esri,udom,Sequential unique whole numbers that are automatically generated.
ANY_TABLE,AlternateSampleID,"Museum number, lab number, split number, etc.","GeMS (Geologic Map Schema) - a standard format for the digital publication of geologic maps, available at http://ngmdb.usgs.gov/Info/standards/GeMS/",,
ANY_TABLE,AnalysisSourceID,Source of analytical data for this sample. Foreign key to DataSources table.,"GeMS (Geologic Map Schema) - a standard format for the digital publication of geologic maps, available at http://ngmdb.usgs.gov/Info/standards/GeMS/",,
ANY_TABLE,Azimuth,"Strike of planar feature or trend of linear feature, as measured in degrees clockwise from geographic North. Use right-hand rule (dip is to right of azimuth direction). Horizontal planar features may have any azimuth.","GeMS (Geologic Map Schema) - a standard format for the digital publication of geologic maps, available at http://ngmdb.usgs.gov/Info/standards/GeMS/",rdom, "0, 180, degrees, 0.5"
ANY_TABLE,DataSourceID,Source of data; foreign key to table DataSources.,"GeMS (Geologic Map Schema) - a standard format for the digital publication of geologic maps, available at http://ngmdb.usgs.gov/Info/standards/GeMS/",udom, Arbitrary string that identifies a row in DataSources
ANY_TABLE,ExistenceConfidence,Indicates how confidently existence of this line feature has been determined. Values must be defined in Glossary table.,"GeMS (Geologic Map Schema) - a standard format for the digital publication of geologic maps, available at http://ngmdb.usgs.gov/Info/standards/GeMS/",,
ANY_TABLE,FieldSampleID,Sample ID given at time of collection.,"GeMS (Geologic Map Schema) - a standard format for the digital publication of geologic maps, available at http://ngmdb.usgs.gov/Info/standards/GeMS/",udom, Arbitrary string.
ANY_TABLE,HierarchyKey,"String that records hierarchical structure. Has form nn-nn-nn, nnn-nnn, or similar. Numeric, left-padded with zeros, delimited with any non-alphanumeric character such as dots, dashes, slashes, etc. Each HierarchyKey fragment of each row MUST be the same length to allow text-based sorting of table entries.","GeMS (Geologic Map Schema) - a standard format for the digital publication of geologic maps, available at http://ngmdb.usgs.gov/Info/standards/GeMS/",udom, Arbitrary string.
ANY_TABLE,IdentityConfidence,Indicates how confidently this feature has been identified as a particular Type.,"GeMS (Geologic Map Schema) - a standard format for the digital publication of geologic maps, available at http://ngmdb.usgs.gov/Info/standards/GeMS/",,
ANY_TABLE,Inclination,"Dip of planar feature or plunge of linear feature, as measured in degrees down from horizontal. Negative values allowed when specifying vectors (not axes) that point above the horizon, e.g., paleocurrents. Types defined as horizontal (e.g., horizontal bedding) shall have Inclination = 0.","GeMS (Geologic Map Schema) - a standard format for the digital publication of geologic maps, available at http://ngmdb.usgs.gov/Info/standards/GeMS/",rdom, "0, 90, degrees, 0.5"
ANY_TABLE,IsConcealed,Indicates whether the line feature is concealed by an overlying map unit.,"GeMS (Geologic Map Schema) - a standard format for the digital publication of geologic maps, available at http://ngmdb.usgs.gov/Info/standards/GeMS/",udom,"Boolean values, True/False, Yes/No, Y/N, etc."
ANY_TABLE,Label,"Text, with markup tags if desired, to be used for labeling the feature.","GeMS (Geologic Map Schema) - a standard format for the digital publication of geologic maps, available at http://ngmdb.usgs.gov/Info/standards/GeMS/",udom, Arbitrary string.
ANY_TABLE,LocationConfidenceMeters,Estimated half-width in meters of positional uncertainty envelope; position is relative to other features in database.,"GeMS (Geologic Map Schema) - a standard format for the digital publication of geologic maps, available at http://ngmdb.usgs.gov/Info/standards/GeMS/",udom,Positive real numbers.
ANY_TABLE,LocationMethod,"Short description of the method of station location; e.g.,'GPS', 'Inspection of USGS 7.5' 2024 US Topo for Cadle Butte, OR', 'highway milepost', etc. Values must be defined in Glossary table.","GeMS (Geologic Map Schema) - a standard format for the digital publication of geologic maps, available at http://ngmdb.usgs.gov/Info/standards/GeMS/",,
ANY_TABLE,LocationSourceID,Source of location; foreign key to table DataSources.,"GeMS (Geologic Map Schema) - a standard format for the digital publication of geologic maps, available at http://ngmdb.usgs.gov/Info/standards/GeMS/",udom,Arbitrary string that identifies a row in DataSources.
ANY_TABLE,MapUnit,Short plain-text identifier of the map unit. Foreign key to DescriptionOfMapUnits table.,"GeMS (Geologic Map Schema) - a standard format for the digital publication of geologic maps, available at http://ngmdb.usgs.gov/Info/standards/GeMS/",,
ANY_TABLE,MaterialAnalyzed,"Earth-material that was analyzed, e.g., wood, shell, zircon, basalt, whole-rock.","GeMS (Geologic Map Schema) - a standard format for the digital publication of geologic maps, available at http://ngmdb.usgs.gov/Info/standards/GeMS/",,
ANY_TABLE,Notes,Additional information specific to a particular feature or table entry.,"GeMS (Geologic Map Schema) - a standard format for the digital publication of geologic maps, available at http://ngmdb.usgs.gov/Info/standards/GeMS/",udom, Arbitrary string
ANY_TABLE,OrientationConfidenceDegrees,"Estimated circular error (in degrees) of this orientation. For planar features, error is of the orientation of the pole to the plane.","GeMS (Geologic Map Schema) - a standard format for the digital publication of geologic maps, available at http://ngmdb.usgs.gov/Info/standards/GeMS/",udom, Positive real numbers
ANY_TABLE,OrientationSourceID,Source of orientation data; foreign key to table DataSources.,"GeMS (Geologic Map Schema) - a standard format for the digital publication of geologic maps, available at http://ngmdb.usgs.gov/Info/standards/GeMS/",udom, Arbitrary string that identifies a row in DataSources 
ANY_TABLE,PlotAtScale,Denominator of smallest map scale at which this point feature should be plotted on map.,"GeMS (Geologic Map Schema) - a standard format for the digital publication of geologic maps, available at http://ngmdb.usgs.gov/Info/standards/GeMS/",udom, Positive real numbers.
ANY_TABLE,Shape,Feature geometry.,Esri,udom,Coordinates defining the features.
ANY_TABLE,Shape_Area,Area of feature in internal units squared.,Esri,udom,Positive real numbers that are automatically generated.
ANY_TABLE,Shape_Length,Length of feature in internal units.,Esri,udom,Positive real numbers that are automatically generated.
ANY_TABLE,StationID,Unique identifier of station.,"GeMS (Geologic Map Schema) - a standard format for the digital publication of geologic maps, available at http://ngmdb.usgs.gov/Info/standards/GeMS/",,
ANY_TABLE,Symbol,"Identifier or code for the symbol to be used to portray the feature. Definition here should include the name of the style file, symbol set, gallery, etc. that contains the symbol.","GeMS (Geologic Map Schema) - a standard format for the digital publication of geologic maps, available at http://ngmdb.usgs.gov/Info/standards/GeMS/",,
ANY_TABLE,Type,"Classifier that specifies what kind of feature is represented by a database element: that a certain line within feature class ContactsAndFaults is a contact, or thrust fault, or water boundary; or that a point in GeochronPoints represents a K-Ar date. Values must be defined in Glossary table.","GeMS (Geologic Map Schema) - a standard format for the digital publication of geologic maps, available at http://ngmdb.usgs.gov/Info/standards/GeMS/",,
ANY_TABLE,URL,"Universal Resource Locator (URL) or Document Object Identifier (DOI), identifies a document on the World Wide Web.","GeMS (Geologic Map Schema) - a standard format for the digital publication of geologic maps, available at http://ngmdb.usgs.gov/Info/standards/GeMS/",udom, Arbitrary string.
CartographicLines,CartographicLines_ID,Primary key for this table.,"GeMS (Geologic Map Schema) - a standard format for the digital publication of geologic maps, available at http://ngmdb.usgs.gov/Info/standards/GeMS/",,
CartographicLines,,"Lines (e.g., cross-section lines) that have no real-world physical existence, such that LocationConfidenceMeters, ExistenceConfidence, and IdentityConfidence attributes are meaningless, and that are never shown as concealed beneath a covering unit. Test","GeMS (Geologic Map Schema) - a standard format for the digital publication of geologic maps, available at http://ngmdb.usgs.gov/Info/standards/GeMS/",,
CMULines,CMULines_ID,Primary key for this table.,"GeMS (Geologic Map Schema) - a standard format for the digital publication of geologic maps, available at http://ngmdb.usgs.gov/Info/standards/GeMS/",,
CMULines,,"Lines (box boundaries, internal contacts, brackets, etc.) of the Correlation of Map Units diagram.","GeMS (Geologic Map Schema) - a standard format for the digital publication of geologic maps, available at http://ngmdb.usgs.gov/Info/standards/GeMS/",,
CMUMapUnitPolys,CMUMapUnitPolys_ID,Primary key for this table.,"GeMS (Geologic Map Schema) - a standard format for the digital publication of geologic maps, available at http://ngmdb.usgs.gov/Info/standards/GeMS/",,
CMUMapUnitPolys,,Polygons (representing map units) of the Correlation of Map Units diagram.,"GeMS (Geologic Map Schema) - a standard format for the digital publication of geologic maps, available at http://ngmdb.usgs.gov/Info/standards/GeMS/",,
CMUPoints,CMUPoints_ID,Primary key for this table.,"GeMS (Geologic Map Schema) - a standard format for the digital publication of geologic maps, available at http://ngmdb.usgs.gov/Info/standards/GeMS/",,
CMUPoints,,"Points (typically, representing outcrops of a map unit too small to show as polygons at map scale) of the Correlation of Map Units diagram.","GeMS (Geologic Map Schema) - a standard format for the digital publication of geologic maps, available at http://ngmdb.usgs.gov/Info/standards/GeMS/",,
ContactsAndFaults,ContactsAndFaults_ID,Primary key for this table.,"GeMS (Geologic Map Schema) - a standard format for the digital publication of geologic maps, available at http://ngmdb.usgs.gov/Info/standards/GeMS/",,
ContactsAndFaults,,"Contacts between map units, faults that bound map units, and associated dangling faults. Includes concealed faults and contacts, waterlines, snowfield and glacier boundaries, and map boundary.","GeMS (Geologic Map Schema) - a standard format for the digital publication of geologic maps, available at http://ngmdb.usgs.gov/Info/standards/GeMS/",,
CorrelationOfMapUnits,,"A feature dataset of features depicting the ages and relations of (and among) map units; may include headings and grouping brackets; sometimes shows nonconformities or additional data such as radiometric ages; is not intended to be a true stratigraphic section or column; usually does not include areas of open water, permanent snowfields and glaciers, or unmapped areas. Coordinates should be in page or layout units.","GeMS (Geologic Map Schema) - a standard format for the digital publication of geologic maps, available at http://ngmdb.usgs.gov/Info/standards/GeMS/",,
CrossSectionX,,"A feature dataset of features depicting the locations of geologic features in the vertical plane defined by cross-section line [[X]]. Coordinates display features in cross-section view, i.e., X-axis values represent distance along the line of cross-section and Y-axis values represent elevation.","GeMS (Geologic Map Schema) - a standard format for the digital publication of geologic maps, available at http://ngmdb.usgs.gov/Info/standards/GeMS/",,
CSAContactsAndFaults,ContactsAndFaults_ID,Primary key for this table.,"GeMS (Geologic Map Schema) - a standard format for the digital publication of geologic maps, available at http://ngmdb.usgs.gov/Info/standards/GeMS/",,
CSAContactsAndFaults,CSAContactsAndFaults_ID,Primary key for this table.,"GeMS (Geologic Map Schema) - a standard format for the digital publication of geologic maps, available at http://ngmdb.usgs.gov/Info/standards/GeMS/",,
CSAMapUnitPolys,CSAMapUnitPolys_ID,Primary key for this table.,"GeMS (Geologic Map Schema) - a standard format for the digital publication of geologic maps, available at http://ngmdb.usgs.gov/Info/standards/GeMS/",,
CSAMapUnitPolys,MapUnitPolys_ID,Primary key for this table.,"GeMS (Geologic Map Schema) - a standard format for the digital publication of geologic maps, available at http://ngmdb.usgs.gov/Info/standards/GeMS/",,
CSAOrientationPoints,CSAOrientationPoints_ID,Primary key for this table.,"GeMS (Geologic Map Schema) - a standard format for the digital publication of geologic maps, available at http://ngmdb.usgs.gov/Info/standards/GeMS/",,
CSAOrientationPoints,CS[[X]]_OrientationPoints_ID,Primary key for this table.,"GeMS (Geologic Map Schema) - a standard format for the digital publication of geologic maps, available at http://ngmdb.usgs.gov/Info/standards/GeMS/",,
CSXContactsAndFaults,,"Lines that record the locations of contacts between map units, faults that bound map units, and associated dangling faults within the vertical plane defined by cross-section line [[X]]. Coordinates display features in cross-section view, i.e., X-axis values represent distance along the line of cross-section and Y-axis values represent elevation.","GeMS (Geologic Map Schema) - a standard format for the digital publication of geologic maps, available at http://ngmdb.usgs.gov/Info/standards/GeMS/",,
CSXMapUnitPolys,,"Polygons that record the distribution of map units within the vertical plane defined by cross-section line [[X]]. Coordinates display features in cross-section view, i.e., X-axis values represent distance along the line of cross-section and Y-axis values represent elevation.","GeMS (Geologic Map Schema) - a standard format for the digital publication of geologic maps, available at http://ngmdb.usgs.gov/Info/standards/GeMS/",,
CSXOrientationPoints,,"Points that record the locations of structural data (e.g., bedding attitudes, foliation attitudes, slip vectors measured at a point, etc.) within the vertical plane defined by cross-section line [[X]]. Coordinates display features in cross-section view, i.e., X-axis values represent distance along the line of cross-section and Y-axis values represent elevation.","GeMS (Geologic Map Schema) - a standard format for the digital publication of geologic maps, available at http://ngmdb.usgs.gov/Info/standards/GeMS/",,
DataSourcePolys,DataSourcePolys_ID,Primary key for this table.,"GeMS (Geologic Map Schema) - a standard format for the digital publication of geologic maps, available at http://ngmdb.usgs.gov/Info/standards/GeMS/",,
DataSourcePolys,,Polygons that delineate data sources for all parts of the map.,"GeMS (Geologic Map Schema) - a standard format for the digital publication of geologic maps, available at http://ngmdb.usgs.gov/Info/standards/GeMS/",,
DataSources,DataSources_ID,Primary key for this table.,"GeMS (Geologic Map Schema) - a standard format for the digital publication of geologic maps, available at http://ngmdb.usgs.gov/Info/standards/GeMS/",,
DataSources,,"Non-spatial table of sources of all spatial features, sources of some attributes of spatial features, and sources of some attributes of non-spatial table entries.","GeMS (Geologic Map Schema) - a standard format for the digital publication of geologic maps, available at http://ngmdb.usgs.gov/Info/standards/GeMS/",,
DescriptionOfMapUnits,Age,"Age of map unit as shown in Description of Map Units. Examples of values are ""late Holocene"", ""Pliocene and Miocene"", ""Lower Cretaceous"".","GeMS (Geologic Map Schema) - a standard format for the digital publication of geologic maps, available at http://ngmdb.usgs.gov/Info/standards/GeMS/",,
DescriptionOfMapUnits,AreaFillPatternDescription,"Text description (e.g., ""random small red dashes"") provided as a convenience for users who must recreate symbolization.","GeMS (Geologic Map Schema) - a standard format for the digital publication of geologic maps, available at http://ngmdb.usgs.gov/Info/standards/GeMS/",,
DescriptionOfMapUnits,AreaFillRGB,"RGB color space values that specify the suggested color (e.g., ""255, 255, 255"", ""124, 005, 255"") of area-fill for symbolizing MapUnit. Each color value is an integer between 0 and 255. Ideally, values are zero-padded to a length of 3 digits and values are separated by commas.","GeMS (Geologic Map Schema) - a standard format for the digital publication of geologic maps, available at http://ngmdb.usgs.gov/Info/standards/GeMS/",,
DescriptionOfMapUnits,Description,"Free-format text description of map unit. Commonly structured according to one or more accepted traditions, e.g., lithology, thickness, color, weathering and outcrop characteristics, distinguishing features, genesis, age constraints.","GeMS (Geologic Map Schema) - a standard format for the digital publication of geologic maps, available at http://ngmdb.usgs.gov/Info/standards/GeMS/",,
DescriptionOfMapUnits,DescriptionOfMapUnits_ID,Primary key for this table.,"GeMS (Geologic Map Schema) - a standard format for the digital publication of geologic maps, available at http://ngmdb.usgs.gov/Info/standards/GeMS/",,
DescriptionOfMapUnits,DescriptionSourceID,Source of map-unit description; foreign key to table Datasources.,"GeMS (Geologic Map Schema) - a standard format for the digital publication of geologic maps, available at http://ngmdb.usgs.gov/Info/standards/GeMS/",,
DescriptionOfMapUnits,FullName,"Name of map unit including identification of containing higher rank unit(s), e.g., ""Shnabkaib Member of Moenkopi Formation"".","GeMS (Geologic Map Schema) - a standard format for the digital publication of geologic maps, available at http://ngmdb.usgs.gov/Info/standards/GeMS/",,
DescriptionOfMapUnits,GeoMaterial,"Categorization of map unit based on lithologic and genetic character, term selected from NGMDB standard term list defined in Appendix A of GeMS documentation, available at http://ngmdb.usgs.gov/Info/standards/GeMS.","GeMS (Geologic Map Schema) - a standard format for the digital publication of geologic maps, available at http://ngmdb.usgs.gov/Info/standards/GeMS/",codesetd,"""GeoMaterial, Appendix A of GeMS documentation, available at http://ngmdb.usgs.gov/Info/standards/GeMS or in the GeoMaterial table included with this database."""
DescriptionOfMapUnits,GeoMaterialConfidence,Describes the confidence with which the GeoMaterial term describing the map unit was chosen. Values must be defined in Glossary table.,"GeMS (Geologic Map Schema) - a standard format for the digital publication of geologic maps, available at http://ngmdb.usgs.gov/Info/standards/GeMS/",,
DescriptionOfMapUnits,Name,"Name of map unit, as shown in boldface in traditional DMU, e.g., ""Shnabkaib Member"". Identifies unit within its hierarchical context.","GeMS (Geologic Map Schema) - a standard format for the digital publication of geologic maps, available at http://ngmdb.usgs.gov/Info/standards/GeMS/",,
DescriptionOfMapUnits,ParagraphStyle,Token that identifies formatting of paragraph(s) within traditional Description of Map Units that correspond to this table entry.,"GeMS (Geologic Map Schema) - a standard format for the digital publication of geologic maps, available at http://ngmdb.usgs.gov/Info/standards/GeMS/",,
DescriptionOfMapUnits,,Non-spatial table that captures content of the Description of Map Units (or equivalent List of Map Units and associated pamphlet text) included in a traditional paper geologic map. Has an internal hierarchy expressed by attribute HierarchyKey,"GeMS (Geologic Map Schema) - a standard format for the digital publication of geologic maps, available at http://ngmdb.usgs.gov/Info/standards/GeMS/",,
FossilPoints,FossilAge,Stratigraphic interval or numerical age of the fossil. ,"GeMS (Geologic Map Schema) - a standard format for the digital publication of geologic maps, available at http://ngmdb.usgs.gov/Info/standards/GeMS/",,
FossilPoints,FossilAgeSourceID,Source of fossil age; foreign key to table DataSources.,"GeMS (Geologic Map Schema) - a standard format for the digital publication of geologic maps, available at http://ngmdb.usgs.gov/Info/standards/GeMS/",,
FossilPoints,FossilForms,"Physical form of the fossil, e.g., mold, cast, true form/preserved remains, trace, carbon film, petrified. Values must be defined in Glossary table.","GeMS (Geologic Map Schema) - a standard format for the digital publication of geologic maps, available at http://ngmdb.usgs.gov/Info/standards/GeMS/",,
FossilPoints,FossilFormsSourceID,Source of fossil form description; foreign key to table DataSources.,"GeMS (Geologic Map Schema) - a standard format for the digital publication of geologic maps, available at http://ngmdb.usgs.gov/Info/standards/GeMS/",,
FossilPoints,FossilPoints_ID,Primary key for this table.,"GeMS (Geologic Map Schema) - a standard format for the digital publication of geologic maps, available at http://ngmdb.usgs.gov/Info/standards/GeMS/",,
FossilPoints,FossilTaxa,Lowest known taxa of fossil.,"GeMS (Geologic Map Schema) - a standard format for the digital publication of geologic maps, available at http://ngmdb.usgs.gov/Info/standards/GeMS/",,
FossilPoints,FossilTaxaSource,Source of fossil taxa; foreign key to table DataSources.,"GeMS (Geologic Map Schema) - a standard format for the digital publication of geologic maps, available at http://ngmdb.usgs.gov/Info/standards/GeMS/",,
FossilPoints,,Points that record fossil localities.,"GeMS (Geologic Map Schema) - a standard format for the digital publication of geologic maps, available at http://ngmdb.usgs.gov/Info/standards/GeMS/",,
GenericPoints,GenericPoints_ID,Primary key for this table.,"GeMS (Geologic Map Schema) - a standard format for the digital publication of geologic maps, available at http://ngmdb.usgs.gov/Info/standards/GeMS/",,
GenericPoints,,A generic point feature class template with required and suggested fields. This description should be modified to briefly describe the contents of the customized feature class.,"GeMS (Geologic Map Schema) - a standard format for the digital publication of geologic maps, available at http://ngmdb.usgs.gov/Info/standards/GeMS/",,
GeochronPoints,AgeMinusError,"Negative (younger) age error, measured in AgeUnits. Type of error (RMSE, 1 sigma, 2 sigma, 95% confidence limit) should be stated in Notes field.","GeMS (Geologic Map Schema) - a standard format for the digital publication of geologic maps, available at http://ngmdb.usgs.gov/Info/standards/GeMS/",,
GeochronPoints,AgePlusError,"Positive (older) age error, measured in AgeUnits. Type of error (RMSE, 1 sigma, 2 sigma, 95% confidence limit) should be stated in Notes field.","GeMS (Geologic Map Schema) - a standard format for the digital publication of geologic maps, available at http://ngmdb.usgs.gov/Info/standards/GeMS/",,
GeochronPoints,AgeUnits,"Units for NumericAge, AgePlusError, AgeMinusError.","GeMS (Geologic Map Schema) - a standard format for the digital publication of geologic maps, available at http://ngmdb.usgs.gov/Info/standards/GeMS/",,
GeochronPoints,GeochronPoints_ID,Primary key for this table.,"GeMS (Geologic Map Schema) - a standard format for the digital publication of geologic maps, available at http://ngmdb.usgs.gov/Info/standards/GeMS/",,
GeochronPoints,NumericAge,"Numeric age of sample, measured in AgeUnits. May be interpreted from one or several analyses; is not necessarily the date calculated from a single set of measurements.","GeMS (Geologic Map Schema) - a standard format for the digital publication of geologic maps, available at http://ngmdb.usgs.gov/Info/standards/GeMS/",,
GeochronPoints,,Points that record the locations of samples and accompanying geochronological measurements. Type field identifies geochronological method.,"GeMS (Geologic Map Schema) - a standard format for the digital publication of geologic maps, available at http://ngmdb.usgs.gov/Info/standards/GeMS/",,
GeologicLines,GeologicLines_ID,Primary key for this table.,"GeMS (Geologic Map Schema) - a standard format for the digital publication of geologic maps, available at http://ngmdb.usgs.gov/Info/standards/GeMS/",,
GeologicLines,,"Lines that represent dikes, coal seams, ash beds, fold hinge-surface traces, isograds, and other linear features. All have these properties: (A) They do not participate in map-unit topology. (B) They correspond to features that exist within the Earth and may be concealed beneath younger, covering, material. (C) They are located with an accuracy that likely can be estimated.","GeMS (Geologic Map Schema) - a standard format for the digital publication of geologic maps, available at http://ngmdb.usgs.gov/Info/standards/GeMS/",,
GeologicMap,,A feature dataset of features representing the geologic contents of the map.,"GeMS (Geologic Map Schema) - a standard format for the digital publication of geologic maps, available at http://ngmdb.usgs.gov/Info/standards/GeMS/",,
GeoMaterialDict,Definition,Plain-language definition of value in Term.,"GeMS (Geologic Map Schema) - a standard format for the digital publication of geologic maps, available at http://ngmdb.usgs.gov/Info/standards/GeMS/",,
GeoMaterialDict,DefinitionSourceID,Source of definition; foreign key to DataSources.,"GeMS (Geologic Map Schema) - a standard format for the digital publication of geologic maps, available at http://ngmdb.usgs.gov/Info/standards/GeMS/",,
GeoMaterialDict,GeoMaterial,"Controlled-vocabulary classification of earth materials that is based on general lithologic and genetic character. Terms are defined in Appendix A of GeMS documentation, available at http://ngmdb.usgs.gov/Info/standards/GeMS.","GeMS (Geologic Map Schema) - a standard format for the digital publication of geologic maps, available at http://ngmdb.usgs.gov/Info/standards/GeMS/",,
GeoMaterialDict,IndentedName,Name with addition of leading spaces to help show rank within a hierarchical list.,"GeMS (Geologic Map Schema) - a standard format for the digital publication of geologic maps, available at http://ngmdb.usgs.gov/Info/standards/GeMS/",,
GeoMaterialDict,,"Non-spatial table that provides values of GeoMaterial, placed in a hierarchy, and their definitions. For further information, see Appendix A in GeMS documentation, available at http://ngmdb.usgs.gov/Info/standards/GeMS.","GeMS (Geologic Map Schema) - a standard format for the digital publication of geologic maps, available at http://ngmdb.usgs.gov/Info/standards/GeMS/",,
Glossary,Glossary_ID,Primary key for this table.,"GeMS (Geologic Map Schema) - a standard format for the digital publication of geologic maps, available at http://ngmdb.usgs.gov/Info/standards/GeMS/",,
Glossary,Term,Plain-language term for a concept. Values must be unique within database as a whole.,"GeMS (Geologic Map Schema) - a standard format for the digital publication of geologic maps, available at http://ngmdb.usgs.gov/Info/standards/GeMS/",,
Glossary,,"Non-spatial table that, for certain fields (including all Type fields, GeneralLithology, and fields ending in Confidence and Method), lists the terms that populate these fields, term definitions, and sources for definitions.","GeMS (Geologic Map Schema) - a standard format for the digital publication of geologic maps, available at http://ngmdb.usgs.gov/Info/standards/GeMS/",,
IsoValueLines,IsoValueLines_ID,Primary key for this table.,"GeMS (Geologic Map Schema) - a standard format for the digital publication of geologic maps, available at http://ngmdb.usgs.gov/Info/standards/GeMS/",,
IsoValueLines,Value,"Numeric value (e.g., elevation, concentration) associated with an isovalue line (contour, isopleth). Units identified in feature TYPE definition.","GeMS (Geologic Map Schema) - a standard format for the digital publication of geologic maps, available at http://ngmdb.usgs.gov/Info/standards/GeMS/",,
IsoValueLines,ValueConfidence,"Estimated half-width of uncertainty in numeric value (e.g., elevation, concentration) associated with an isovalue line. Units identified in feature TYPE definition. -9 indicates value is not available.","GeMS (Geologic Map Schema) - a standard format for the digital publication of geologic maps, available at http://ngmdb.usgs.gov/Info/standards/GeMS/",,
IsoValueLines,,"Lines that represent structure contours, concentration isopleths, and other lines that share properties of: (A) Having an associated value (e.g., elevation, concentration) that is a real number. (B ) Having a definable uncertainty in their location. (C) Describing an idealized surface that need not be shown as concealed beneath covering map units.","GeMS (Geologic Map Schema) - a standard format for the digital publication of geologic maps, available at http://ngmdb.usgs.gov/Info/standards/GeMS/",,
MapUnitOverlayPolys,MapUnitOverlayPolys_ID,Primary key for this table.,"GeMS (Geologic Map Schema) - a standard format for the digital publication of geologic maps, available at http://ngmdb.usgs.gov/Info/standards/GeMS/",,
MapUnitOverlayPolys,,"Polygons that delineate underlying material, overlying material, or some other aspect of earth materials that is described in table DescriptionOfMapUnits, e.g., dike swarm, colluvium. On a map graphic, such polygons are commonly shown by a patterned overprint.","GeMS (Geologic Map Schema) - a standard format for the digital publication of geologic maps, available at http://ngmdb.usgs.gov/Info/standards/GeMS/",,
MapUnitPolys,MapUnitPolys_ID,Primary key for this table.,"GeMS (Geologic Map Schema) - a standard format for the digital publication of geologic maps, available at http://ngmdb.usgs.gov/Info/standards/GeMS/",,
MapUnitPolys,,"Polygons that record distribution of map units (including water, snowfields, glaciers, and unmapped area) on the particular map horizon.","GeMS (Geologic Map Schema) - a standard format for the digital publication of geologic maps, available at http://ngmdb.usgs.gov/Info/standards/GeMS/",,
MiscellaneousMapInformation,MapProperty,"Name of map property. Examples include ""Scale"", ""Authors and affiliations"", ""Magnetic declination"".","GeMS (Geologic Map Schema) - a standard format for the digital publication of geologic maps, available at http://ngmdb.usgs.gov/Info/standards/GeMS/",,
MiscellaneousMapInformation,MapPropertyValue,"Value of map property. Examples = ""1:24,000"", ""G.S. Smith1 and J. Doe2 1-Division of Geology, Some State, 2-Big University"", ""16.5 degrees""","GeMS (Geologic Map Schema) - a standard format for the digital publication of geologic maps, available at http://ngmdb.usgs.gov/Info/standards/GeMS/",,
MiscellaneousMapInformation,MiscellaneousMapInformation_ID,Primary key for this table.,"GeMS (Geologic Map Schema) - a standard format for the digital publication of geologic maps, available at http://ngmdb.usgs.gov/Info/standards/GeMS/",,
MiscellaneousMapInformation,,"Properties of the map report as a whole. May include title, authorship, scale, geologic mapping credit, editing credit, cartography credit, date of approval, local magnetic declination, publication series and number, and base map information.","GeMS (Geologic Map Schema) - a standard format for the digital publication of geologic maps, available at http://ngmdb.usgs.gov/Info/standards/GeMS/",,
OrientationPoints,OrientationPoints_ID,Primary key for this table.,"GeMS (Geologic Map Schema) - a standard format for the digital publication of geologic maps, available at http://ngmdb.usgs.gov/Info/standards/GeMS/",,
OrientationPoints,,"Points that record the locations of structural data (e.g., bedding attitudes, foliation attitudes, slip vectors measured at a point, etc.).","GeMS (Geologic Map Schema) - a standard format for the digital publication of geologic maps, available at http://ngmdb.usgs.gov/Info/standards/GeMS/",,
OverlayPolys,OverlayPolys_ID,Primary key for this table.,"GeMS (Geologic Map Schema) - a standard format for the digital publication of geologic maps, available at http://ngmdb.usgs.gov/Info/standards/GeMS/",,
OverlayPolys,,"Polygons that delineate underlying material, overlying material, or some aspect of earth materials other than the geologic map unit, e.g., dike swarm, alteration zone. On a map graphic, such polygons are commonly shown by a patterned overprint.","GeMS (Geologic Map Schema) - a standard format for the digital publication of geologic maps, available at http://ngmdb.usgs.gov/Info/standards/GeMS/",,
RepurposedSymbols,FgdcIdentifier,Identifier for symbol from FGDC Digital Cartographic Standard for Geologic Map Symbolization.,"GeMS (Geologic Map Schema) - a standard format for the digital publication of geologic maps, available at http://ngmdb.usgs.gov/Info/standards/GeMS/",,
RepurposedSymbols,NewExplanation,Explanation of usage of symbol in this map portrayal.,"GeMS (Geologic Map Schema) - a standard format for the digital publication of geologic maps, available at http://ngmdb.usgs.gov/Info/standards/GeMS/",,
RepurposedSymbols,OldExplanation,Explanatory text from FGDC standard for meaning of symbol.,"GeMS (Geologic Map Schema) - a standard format for the digital publication of geologic maps, available at http://ngmdb.usgs.gov/Info/standards/GeMS/",,
RepurposedSymbols,RepurposedSymbols_ID,Primary key for this table.,"GeMS (Geologic Map Schema) - a standard format for the digital publication of geologic maps, available at http://ngmdb.usgs.gov/Info/standards/GeMS/",,
RepurposedSymbols,,"Non-spatial table that identifies symbols from the FGDC Digital Cartographic Standard for Geologic Map Symbolization (FGDC-STD-013-2006) that are ""repurposed"" for this map.","GeMS (Geologic Map Schema) - a standard format for the digital publication of geologic maps, available at http://ngmdb.usgs.gov/Info/standards/GeMS/",,
StandardLithology,Lithology,Name of a rock type or earth material from any vocabulary.,"GeMS (Geologic Map Schema) - a standard format for the digital publication of geologic maps, available at http://ngmdb.usgs.gov/Info/standards/GeMS/",,
StandardLithology,PartType,Indicates how lithology is found within this map unit. ,"GeMS (Geologic Map Schema) - a standard format for the digital publication of geologic maps, available at http://ngmdb.usgs.gov/Info/standards/GeMS/",codesetd,"""CGI’s Geologic Unit Part Role vocabulary, http://resource.geosciml.org/def/voc/"""
StandardLithology,ProportionTerm,Indicates proportion (as qualitative term) of this map unit in which lithology is found.,"GeMS (Geologic Map Schema) - a standard format for the digital publication of geologic maps, available at http://ngmdb.usgs.gov/Info/standards/GeMS/",codesetd,"""CGI’s Proportion Term vocabulary, http://resource. geosciml.org/def/voc/"""
StandardLithology,ProportionValue,Indicates proportion (as numeric value) of this map unit in which lithology is found.,"GeMS (Geologic Map Schema) - a standard format for the digital publication of geologic maps, available at http://ngmdb.usgs.gov/Info/standards/GeMS/",,
StandardLithology,ScientificConfidence,Indicates how confidently existence and identity of lithology is identified as being found within this map unit. Values must be defined in Glossary table.,,,
StandardLithology,StandardLithology_ID,Primary key for this table.,"GeMS (Geologic Map Schema) - a standard format for the digital publication of geologic maps, available at http://ngmdb.usgs.gov/Info/standards/GeMS/",,
StandardLithology,,Non-spatial table for describing the lithologic constituents of geologic map units. Has one-to-many rows per map unit. May be used to extend and supplement the GeneralLithology terms and unstructured free text Description found in the DescriptionOfMapUnits table.,"GeMS (Geologic Map Schema) - a standard format for the digital publication of geologic maps, available at http://ngmdb.usgs.gov/Info/standards/GeMS/",,
Stations,FieldID,"Original identifier given to the station location, usually designated at the time of occupation.","GeMS (Geologic Map Schema) - a standard format for the digital publication of geologic maps, available at http://ngmdb.usgs.gov/Info/standards/GeMS/",,
Stations,GPSX,Measured GPS coordinate (easting). May differ from map coordinate because of GPS error or (more likely) base map error.,"GeMS (Geologic Map Schema) - a standard format for the digital publication of geologic maps, available at http://ngmdb.usgs.gov/Info/standards/GeMS/",,
Stations,GPSY,Measured GPS coordinate (northing). May differ from map coordinate because of GPS error or (more likely) base map error.,"GeMS (Geologic Map Schema) - a standard format for the digital publication of geologic maps, available at http://ngmdb.usgs.gov/Info/standards/GeMS/",,
Stations,MapX,Station coordinate (easting) as compiled on the base map; base map should be identified in the DataSources record.,"GeMS (Geologic Map Schema) - a standard format for the digital publication of geologic maps, available at http://ngmdb.usgs.gov/Info/standards/GeMS/",,
Stations,MapY,Station coordinate (northing) as compiled on the base map; base map should be identified in the DataSources record.,"GeMS (Geologic Map Schema) - a standard format for the digital publication of geologic maps, available at http://ngmdb.usgs.gov/Info/standards/GeMS/",,
Stations,ObservedMapUnit,Records map unit identified in field (or interpreted from remote sensing) as cropping out at this station (see discussion below). Foreign key to DescriptionOfMapUnits table.,"GeMS (Geologic Map Schema) - a standard format for the digital publication of geologic maps, available at http://ngmdb.usgs.gov/Info/standards/GeMS/",,
Stations,Observer,Name and affiliation of person who located this station.,"GeMS (Geologic Map Schema) - a standard format for the digital publication of geologic maps, available at http://ngmdb.usgs.gov/Info/standards/GeMS/",,
Stations,PDOP,Position Dilution of Precision measurement from GPS unit; estimator of GPS accuracy.,"GeMS (Geologic Map Schema) - a standard format for the digital publication of geologic maps, available at http://ngmdb.usgs.gov/Info/standards/GeMS/",,
Stations,SignificantDimensionMeters,"Significant dimension of exposure (in meters) at this station; e.g., values could be thickness of stratigraphic section 
or depth of auger hole.",,,
Stations,Stations_ID,Primary key for this table.,"GeMS (Geologic Map Schema) - a standard format for the digital publication of geologic maps, available at http://ngmdb.usgs.gov/Info/standards/GeMS/",,
Stations,TimeDate,Time and date of observation at this station.,,,
Stations,,Points that record the locations of field observations and (or) samples.,"GeMS (Geologic Map Schema) - a standard format for the digital publication of geologic maps, available at http://ngmdb.usgs.gov/Info/standards/GeMS/",,
